<cacti>	
	<hash_0000138e0ec9ee04dc4ea9723f0aeb7d5f9436>
		<name>SNMP - Get TCP Connection Status</name>
		<graph>
			<t_title></t_title>
			<title>|host_description| - TCP Connection Status</title>
			<t_image_format_id></t_image_format_id>
			<image_format_id>1</image_format_id>
			<t_height></t_height>
			<height>120</height>
			<t_width></t_width>
			<width>500</width>
			<t_auto_scale></t_auto_scale>
			<auto_scale>on</auto_scale>
			<t_auto_scale_opts></t_auto_scale_opts>
			<auto_scale_opts>2</auto_scale_opts>
			<t_auto_scale_log></t_auto_scale_log>
			<auto_scale_log></auto_scale_log>
			<t_auto_scale_rigid></t_auto_scale_rigid>
			<auto_scale_rigid></auto_scale_rigid>
			<t_auto_padding></t_auto_padding>
			<auto_padding>on</auto_padding>
			<t_export></t_export>
			<export>on</export>
			<t_upper_limit></t_upper_limit>
			<upper_limit>100</upper_limit>
			<t_lower_limit></t_lower_limit>
			<lower_limit>0</lower_limit>
			<t_base_value></t_base_value>
			<base_value>1000</base_value>
			<t_unit_value></t_unit_value>
			<unit_value></unit_value>
			<t_unit_exponent_value></t_unit_exponent_value>
			<unit_exponent_value></unit_exponent_value>
			<t_vertical_label></t_vertical_label>
			<vertical_label># Connections</vertical_label>
		</graph>
		<items>
			<hash_100013396467580b160f6f5fc820ebb491f87b>
				<task_item_id>hash_080013fdb8da44dc43f3114e1b0812907c4631</task_item_id>
				<color_id>00FF00</color_id>
				<graph_type_id>7</graph_type_id>
				<consolidation_function_id>1</consolidation_function_id>
				<cdef_id>0</cdef_id>
				<value></value>
				<gprint_id>hash_060013e9c43831e54eca8069317a2ce8c6f751</gprint_id>
				<text_format>Established</text_format>
				<hard_return></hard_return>
				<sequence>1</sequence>
			</hash_100013396467580b160f6f5fc820ebb491f87b>
			<hash_1000131130ae731288e61b8ea05cbacbcd0059>
				<task_item_id>hash_080013fdb8da44dc43f3114e1b0812907c4631</task_item_id>
				<color_id>0</color_id>
				<graph_type_id>9</graph_type_id>
				<consolidation_function_id>4</consolidation_function_id>
				<cdef_id>0</cdef_id>
				<value></value>
				<gprint_id>hash_060013e9c43831e54eca8069317a2ce8c6f751</gprint_id>
				<text_format>Current:</text_format>
				<hard_return></hard_return>
				<sequence>2</sequence>
			</hash_1000131130ae731288e61b8ea05cbacbcd0059>
			<hash_100013c7dd17a89fd7b69430e180c2ad52def5>
				<task_item_id>hash_080013fdb8da44dc43f3114e1b0812907c4631</task_item_id>
				<color_id>0</color_id>
				<graph_type_id>9</graph_type_id>
				<consolidation_function_id>1</consolidation_function_id>
				<cdef_id>0</cdef_id>
				<value></value>
				<gprint_id>hash_060013e9c43831e54eca8069317a2ce8c6f751</gprint_id>
				<text_format>Average:</text_format>
				<hard_return></hard_return>
				<sequence>3</sequence>
			</hash_100013c7dd17a89fd7b69430e180c2ad52def5>
			<hash_10001388f613457855368d174989734e9c0285>
				<task_item_id>hash_080013fdb8da44dc43f3114e1b0812907c4631</task_item_id>
				<color_id>0</color_id>
				<graph_type_id>9</graph_type_id>
				<consolidation_function_id>3</consolidation_function_id>
				<cdef_id>0</cdef_id>
				<value></value>
				<gprint_id>hash_060013e9c43831e54eca8069317a2ce8c6f751</gprint_id>
				<text_format>Maximum:</text_format>
				<hard_return>on</hard_return>
				<sequence>4</sequence>
			</hash_10001388f613457855368d174989734e9c0285>
			<hash_1000130915680933d12bcea2e81b0df2379d22>
				<task_item_id>hash_080013d077fbc3c39fc62d3cae1809db01f6ca</task_item_id>
				<color_id>7EE600</color_id>
				<graph_type_id>8</graph_type_id>
				<consolidation_function_id>1</consolidation_function_id>
				<cdef_id>0</cdef_id>
				<value></value>
				<gprint_id>hash_060013e9c43831e54eca8069317a2ce8c6f751</gprint_id>
				<text_format>Listen</text_format>
				<hard_return></hard_return>
				<sequence>5</sequence>
			</hash_1000130915680933d12bcea2e81b0df2379d22>
			<hash_10001363a98e55678ca3ba2df9a350ffc00bcc>
				<task_item_id>hash_080013d077fbc3c39fc62d3cae1809db01f6ca</task_item_id>
				<color_id>0</color_id>
				<graph_type_id>9</graph_type_id>
				<consolidation_function_id>4</consolidation_function_id>
				<cdef_id>0</cdef_id>
				<value></value>
				<gprint_id>hash_060013e9c43831e54eca8069317a2ce8c6f751</gprint_id>
				<text_format>Current:</text_format>
				<hard_return></hard_return>
				<sequence>6</sequence>
			</hash_10001363a98e55678ca3ba2df9a350ffc00bcc>
			<hash_100013eac58ccf3850e71fe35d6dec13678620>
				<task_item_id>hash_080013d077fbc3c39fc62d3cae1809db01f6ca</task_item_id>
				<color_id>0</color_id>
				<graph_type_id>9</graph_type_id>
				<consolidation_function_id>1</consolidation_function_id>
				<cdef_id>0</cdef_id>
				<value></value>
				<gprint_id>hash_060013e9c43831e54eca8069317a2ce8c6f751</gprint_id>
				<text_format>Average:</text_format>
				<hard_return></hard_return>
				<sequence>7</sequence>
			</hash_100013eac58ccf3850e71fe35d6dec13678620>
			<hash_100013c3ea5a37f621c91b60390405da7c4b51>
				<task_item_id>hash_080013d077fbc3c39fc62d3cae1809db01f6ca</task_item_id>
				<color_id>0</color_id>
				<graph_type_id>9</graph_type_id>
				<consolidation_function_id>3</consolidation_function_id>
				<cdef_id>0</cdef_id>
				<value></value>
				<gprint_id>hash_060013e9c43831e54eca8069317a2ce8c6f751</gprint_id>
				<text_format>Maximum:</text_format>
				<hard_return>on</hard_return>
				<sequence>8</sequence>
			</hash_100013c3ea5a37f621c91b60390405da7c4b51>
			<hash_10001361aadd305d72013ea82a17786c194139>
				<task_item_id>hash_0800132366a3c2d415975a27be14892ad71d1f</task_item_id>
				<color_id>FFAB00</color_id>
				<graph_type_id>8</graph_type_id>
				<consolidation_function_id>1</consolidation_function_id>
				<cdef_id>0</cdef_id>
				<value></value>
				<gprint_id>hash_060013e9c43831e54eca8069317a2ce8c6f751</gprint_id>
				<text_format>SYN Received</text_format>
				<hard_return></hard_return>
				<sequence>9</sequence>
			</hash_10001361aadd305d72013ea82a17786c194139>
			<hash_1000137df6cc20da4007b1062e8015007e4310>
				<task_item_id>hash_0800132366a3c2d415975a27be14892ad71d1f</task_item_id>
				<color_id>0</color_id>
				<graph_type_id>9</graph_type_id>
				<consolidation_function_id>4</consolidation_function_id>
				<cdef_id>0</cdef_id>
				<value></value>
				<gprint_id>hash_060013e9c43831e54eca8069317a2ce8c6f751</gprint_id>
				<text_format>Current:</text_format>
				<hard_return></hard_return>
				<sequence>10</sequence>
			</hash_1000137df6cc20da4007b1062e8015007e4310>
			<hash_10001322d6085629a31dba42af23d54fc41ef7>
				<task_item_id>hash_0800132366a3c2d415975a27be14892ad71d1f</task_item_id>
				<color_id>0</color_id>
				<graph_type_id>9</graph_type_id>
				<consolidation_function_id>1</consolidation_function_id>
				<cdef_id>0</cdef_id>
				<value></value>
				<gprint_id>hash_060013e9c43831e54eca8069317a2ce8c6f751</gprint_id>
				<text_format>Average:</text_format>
				<hard_return></hard_return>
				<sequence>11</sequence>
			</hash_10001322d6085629a31dba42af23d54fc41ef7>
			<hash_1000130db1c685e208f029821b4c8592eaa907>
				<task_item_id>hash_0800132366a3c2d415975a27be14892ad71d1f</task_item_id>
				<color_id>0</color_id>
				<graph_type_id>9</graph_type_id>
				<consolidation_function_id>3</consolidation_function_id>
				<cdef_id>0</cdef_id>
				<value></value>
				<gprint_id>hash_060013e9c43831e54eca8069317a2ce8c6f751</gprint_id>
				<text_format>Maximum:</text_format>
				<hard_return>on</hard_return>
				<sequence>12</sequence>
			</hash_1000130db1c685e208f029821b4c8592eaa907>
			<hash_1000132f333c48f0ca8db0123095cde29887ee>
				<task_item_id>hash_080013ec15d4e59c3b3dc1782f89b26ca5c9a9</task_item_id>
				<color_id>FFC73B</color_id>
				<graph_type_id>8</graph_type_id>
				<consolidation_function_id>1</consolidation_function_id>
				<cdef_id>0</cdef_id>
				<value></value>
				<gprint_id>hash_060013e9c43831e54eca8069317a2ce8c6f751</gprint_id>
				<text_format>SYN Sent</text_format>
				<hard_return></hard_return>
				<sequence>13</sequence>
			</hash_1000132f333c48f0ca8db0123095cde29887ee>
			<hash_100013f190b4d718f0d138dfdc501b49542bbc>
				<task_item_id>hash_080013ec15d4e59c3b3dc1782f89b26ca5c9a9</task_item_id>
				<color_id>0</color_id>
				<graph_type_id>9</graph_type_id>
				<consolidation_function_id>4</consolidation_function_id>
				<cdef_id>0</cdef_id>
				<value></value>
				<gprint_id>hash_060013e9c43831e54eca8069317a2ce8c6f751</gprint_id>
				<text_format>Current:</text_format>
				<hard_return></hard_return>
				<sequence>14</sequence>
			</hash_100013f190b4d718f0d138dfdc501b49542bbc>
			<hash_100013f2d00b4a610525ca10ce3bb5f396efb7>
				<task_item_id>hash_080013ec15d4e59c3b3dc1782f89b26ca5c9a9</task_item_id>
				<color_id>0</color_id>
				<graph_type_id>9</graph_type_id>
				<consolidation_function_id>1</consolidation_function_id>
				<cdef_id>0</cdef_id>
				<value></value>
				<gprint_id>hash_060013e9c43831e54eca8069317a2ce8c6f751</gprint_id>
				<text_format>Average:</text_format>
				<hard_return></hard_return>
				<sequence>15</sequence>
			</hash_100013f2d00b4a610525ca10ce3bb5f396efb7>
			<hash_100013c1e80a7ddc8cea90ef38c108464aa63a>
				<task_item_id>hash_080013ec15d4e59c3b3dc1782f89b26ca5c9a9</task_item_id>
				<color_id>0</color_id>
				<graph_type_id>9</graph_type_id>
				<consolidation_function_id>3</consolidation_function_id>
				<cdef_id>0</cdef_id>
				<value></value>
				<gprint_id>hash_060013e9c43831e54eca8069317a2ce8c6f751</gprint_id>
				<text_format>Maximum:</text_format>
				<hard_return>on</hard_return>
				<sequence>16</sequence>
			</hash_100013c1e80a7ddc8cea90ef38c108464aa63a>
			<hash_10001323cf666a898ec6d4d6c4464d302fdb14>
				<task_item_id>hash_0800134069e21689a30a701602c0e3d399eab0</task_item_id>
				<color_id>7CB3F1</color_id>
				<graph_type_id>8</graph_type_id>
				<consolidation_function_id>1</consolidation_function_id>
				<cdef_id>0</cdef_id>
				<value></value>
				<gprint_id>hash_060013e9c43831e54eca8069317a2ce8c6f751</gprint_id>
				<text_format>Time Wait</text_format>
				<hard_return></hard_return>
				<sequence>17</sequence>
			</hash_10001323cf666a898ec6d4d6c4464d302fdb14>
			<hash_10001380ede4c58c74fdbf1850e23bdc6365ae>
				<task_item_id>hash_0800134069e21689a30a701602c0e3d399eab0</task_item_id>
				<color_id>0</color_id>
				<graph_type_id>9</graph_type_id>
				<consolidation_function_id>4</consolidation_function_id>
				<cdef_id>0</cdef_id>
				<value></value>
				<gprint_id>hash_060013e9c43831e54eca8069317a2ce8c6f751</gprint_id>
				<text_format>Current:</text_format>
				<hard_return></hard_return>
				<sequence>18</sequence>
			</hash_10001380ede4c58c74fdbf1850e23bdc6365ae>
			<hash_1000130bbd6f178f37a201be81811b57f45cf4>
				<task_item_id>hash_0800134069e21689a30a701602c0e3d399eab0</task_item_id>
				<color_id>0</color_id>
				<graph_type_id>9</graph_type_id>
				<consolidation_function_id>1</consolidation_function_id>
				<cdef_id>0</cdef_id>
				<value></value>
				<gprint_id>hash_060013e9c43831e54eca8069317a2ce8c6f751</gprint_id>
				<text_format>Average:</text_format>
				<hard_return></hard_return>
				<sequence>19</sequence>
			</hash_1000130bbd6f178f37a201be81811b57f45cf4>
			<hash_1000139d5a0c033716e715bc17a85974e0492b>
				<task_item_id>hash_0800134069e21689a30a701602c0e3d399eab0</task_item_id>
				<color_id>0</color_id>
				<graph_type_id>9</graph_type_id>
				<consolidation_function_id>3</consolidation_function_id>
				<cdef_id>0</cdef_id>
				<value></value>
				<gprint_id>hash_060013e9c43831e54eca8069317a2ce8c6f751</gprint_id>
				<text_format>Maximum:</text_format>
				<hard_return>on</hard_return>
				<sequence>20</sequence>
			</hash_1000139d5a0c033716e715bc17a85974e0492b>
			<hash_10001333c83a793a6f23adc61d55685285fd79>
				<task_item_id>hash_080013b920088fdf5e4b361264bd38897d3897</task_item_id>
				<color_id>8D85F3</color_id>
				<graph_type_id>8</graph_type_id>
				<consolidation_function_id>1</consolidation_function_id>
				<cdef_id>0</cdef_id>
				<value></value>
				<gprint_id>hash_060013e9c43831e54eca8069317a2ce8c6f751</gprint_id>
				<text_format>Time Close</text_format>
				<hard_return></hard_return>
				<sequence>21</sequence>
			</hash_10001333c83a793a6f23adc61d55685285fd79>
			<hash_100013d6c93011785d71b5861ab1190b26052b>
				<task_item_id>hash_080013b920088fdf5e4b361264bd38897d3897</task_item_id>
				<color_id>0</color_id>
				<graph_type_id>9</graph_type_id>
				<consolidation_function_id>4</consolidation_function_id>
				<cdef_id>0</cdef_id>
				<value></value>
				<gprint_id>hash_060013e9c43831e54eca8069317a2ce8c6f751</gprint_id>
				<text_format>Current:</text_format>
				<hard_return></hard_return>
				<sequence>22</sequence>
			</hash_100013d6c93011785d71b5861ab1190b26052b>
			<hash_100013428989f9cc5daecfc55eea29fc77c770>
				<task_item_id>hash_080013b920088fdf5e4b361264bd38897d3897</task_item_id>
				<color_id>0</color_id>
				<graph_type_id>9</graph_type_id>
				<consolidation_function_id>1</consolidation_function_id>
				<cdef_id>0</cdef_id>
				<value></value>
				<gprint_id>hash_060013e9c43831e54eca8069317a2ce8c6f751</gprint_id>
				<text_format>Average:</text_format>
				<hard_return></hard_return>
				<sequence>23</sequence>
			</hash_100013428989f9cc5daecfc55eea29fc77c770>
			<hash_10001385bfa00da64e79016109f6ad3d473629>
				<task_item_id>hash_080013b920088fdf5e4b361264bd38897d3897</task_item_id>
				<color_id>0</color_id>
				<graph_type_id>9</graph_type_id>
				<consolidation_function_id>3</consolidation_function_id>
				<cdef_id>0</cdef_id>
				<value></value>
				<gprint_id>hash_060013e9c43831e54eca8069317a2ce8c6f751</gprint_id>
				<text_format>Maximum:</text_format>
				<hard_return>on</hard_return>
				<sequence>24</sequence>
			</hash_10001385bfa00da64e79016109f6ad3d473629>
			<hash_100013212805eea68597576ed16f6f014f71fe>
				<task_item_id>hash_080013d2e2b1c536e9d9d23f5e7e033cb36606</task_item_id>
				<color_id>CCCCCC</color_id>
				<graph_type_id>8</graph_type_id>
				<consolidation_function_id>1</consolidation_function_id>
				<cdef_id>0</cdef_id>
				<value></value>
				<gprint_id>hash_060013e9c43831e54eca8069317a2ce8c6f751</gprint_id>
				<text_format>Close Wait</text_format>
				<hard_return></hard_return>
				<sequence>25</sequence>
			</hash_100013212805eea68597576ed16f6f014f71fe>
			<hash_100013364b08fc3e7381e9f1c2890adcc054da>
				<task_item_id>hash_080013d2e2b1c536e9d9d23f5e7e033cb36606</task_item_id>
				<color_id>0</color_id>
				<graph_type_id>9</graph_type_id>
				<consolidation_function_id>4</consolidation_function_id>
				<cdef_id>0</cdef_id>
				<value></value>
				<gprint_id>hash_060013e9c43831e54eca8069317a2ce8c6f751</gprint_id>
				<text_format>Current:</text_format>
				<hard_return></hard_return>
				<sequence>26</sequence>
			</hash_100013364b08fc3e7381e9f1c2890adcc054da>
			<hash_100013cddc8024db42761e48d189307067bbc0>
				<task_item_id>hash_080013d2e2b1c536e9d9d23f5e7e033cb36606</task_item_id>
				<color_id>0</color_id>
				<graph_type_id>9</graph_type_id>
				<consolidation_function_id>1</consolidation_function_id>
				<cdef_id>0</cdef_id>
				<value></value>
				<gprint_id>hash_060013e9c43831e54eca8069317a2ce8c6f751</gprint_id>
				<text_format>Average:</text_format>
				<hard_return></hard_return>
				<sequence>27</sequence>
			</hash_100013cddc8024db42761e48d189307067bbc0>
			<hash_1000134953abf1e6c63d3cc6d8de935b63e942>
				<task_item_id>hash_080013d2e2b1c536e9d9d23f5e7e033cb36606</task_item_id>
				<color_id>0</color_id>
				<graph_type_id>9</graph_type_id>
				<consolidation_function_id>3</consolidation_function_id>
				<cdef_id>0</cdef_id>
				<value></value>
				<gprint_id>hash_060013e9c43831e54eca8069317a2ce8c6f751</gprint_id>
				<text_format>Maximum:</text_format>
				<hard_return>on</hard_return>
				<sequence>28</sequence>
			</hash_1000134953abf1e6c63d3cc6d8de935b63e942>
			<hash_1000136405c5d13db3419366391717d1a26452>
				<task_item_id>hash_080013347df86cfa6ac0e0d9bf5b4ef846ff45</task_item_id>
				<color_id>AAAAAA</color_id>
				<graph_type_id>8</graph_type_id>
				<consolidation_function_id>1</consolidation_function_id>
				<cdef_id>0</cdef_id>
				<value></value>
				<gprint_id>hash_060013e9c43831e54eca8069317a2ce8c6f751</gprint_id>
				<text_format>FIN WAIT1</text_format>
				<hard_return></hard_return>
				<sequence>29</sequence>
			</hash_1000136405c5d13db3419366391717d1a26452>
			<hash_100013efd13bde12bda060d6defa133616d881>
				<task_item_id>hash_080013347df86cfa6ac0e0d9bf5b4ef846ff45</task_item_id>
				<color_id>0</color_id>
				<graph_type_id>9</graph_type_id>
				<consolidation_function_id>4</consolidation_function_id>
				<cdef_id>0</cdef_id>
				<value></value>
				<gprint_id>hash_060013e9c43831e54eca8069317a2ce8c6f751</gprint_id>
				<text_format>Current:</text_format>
				<hard_return></hard_return>
				<sequence>30</sequence>
			</hash_100013efd13bde12bda060d6defa133616d881>
			<hash_1000131375a9cea0a40a052ba4238ffd79b89e>
				<task_item_id>hash_080013347df86cfa6ac0e0d9bf5b4ef846ff45</task_item_id>
				<color_id>0</color_id>
				<graph_type_id>9</graph_type_id>
				<consolidation_function_id>1</consolidation_function_id>
				<cdef_id>0</cdef_id>
				<value></value>
				<gprint_id>hash_060013e9c43831e54eca8069317a2ce8c6f751</gprint_id>
				<text_format>Average:</text_format>
				<hard_return></hard_return>
				<sequence>31</sequence>
			</hash_1000131375a9cea0a40a052ba4238ffd79b89e>
			<hash_1000132cefb9dfe77a6635c2d9b380be9e3b79>
				<task_item_id>hash_080013347df86cfa6ac0e0d9bf5b4ef846ff45</task_item_id>
				<color_id>0</color_id>
				<graph_type_id>9</graph_type_id>
				<consolidation_function_id>3</consolidation_function_id>
				<cdef_id>0</cdef_id>
				<value></value>
				<gprint_id>hash_060013e9c43831e54eca8069317a2ce8c6f751</gprint_id>
				<text_format>Maximum:</text_format>
				<hard_return>on</hard_return>
				<sequence>32</sequence>
			</hash_1000132cefb9dfe77a6635c2d9b380be9e3b79>
			<hash_100013122c84eb86df921024bb9d9adfed9b56>
				<task_item_id>hash_080013f16da750ee882694e5315cc8b60bbfe1</task_item_id>
				<color_id>888888</color_id>
				<graph_type_id>8</graph_type_id>
				<consolidation_function_id>1</consolidation_function_id>
				<cdef_id>0</cdef_id>
				<value></value>
				<gprint_id>hash_060013e9c43831e54eca8069317a2ce8c6f751</gprint_id>
				<text_format>FIN WAIT2</text_format>
				<hard_return></hard_return>
				<sequence>33</sequence>
			</hash_100013122c84eb86df921024bb9d9adfed9b56>
			<hash_1000130dd14c1bbe336885d9cf5de7e3efc9b0>
				<task_item_id>hash_080013f16da750ee882694e5315cc8b60bbfe1</task_item_id>
				<color_id>0</color_id>
				<graph_type_id>9</graph_type_id>
				<consolidation_function_id>4</consolidation_function_id>
				<cdef_id>0</cdef_id>
				<value></value>
				<gprint_id>hash_060013e9c43831e54eca8069317a2ce8c6f751</gprint_id>
				<text_format>Current:</text_format>
				<hard_return></hard_return>
				<sequence>34</sequence>
			</hash_1000130dd14c1bbe336885d9cf5de7e3efc9b0>
			<hash_100013cdd5d6d2a43ebdf3415376911f0b440d>
				<task_item_id>hash_080013f16da750ee882694e5315cc8b60bbfe1</task_item_id>
				<color_id>0</color_id>
				<graph_type_id>9</graph_type_id>
				<consolidation_function_id>1</consolidation_function_id>
				<cdef_id>0</cdef_id>
				<value></value>
				<gprint_id>hash_060013e9c43831e54eca8069317a2ce8c6f751</gprint_id>
				<text_format>Average:</text_format>
				<hard_return></hard_return>
				<sequence>35</sequence>
			</hash_100013cdd5d6d2a43ebdf3415376911f0b440d>
			<hash_1000133f7100b5659c95557dc7fd2e56b286b5>
				<task_item_id>hash_080013f16da750ee882694e5315cc8b60bbfe1</task_item_id>
				<color_id>0</color_id>
				<graph_type_id>9</graph_type_id>
				<consolidation_function_id>3</consolidation_function_id>
				<cdef_id>0</cdef_id>
				<value></value>
				<gprint_id>hash_060013e9c43831e54eca8069317a2ce8c6f751</gprint_id>
				<text_format>Maximum:</text_format>
				<hard_return>on</hard_return>
				<sequence>36</sequence>
			</hash_1000133f7100b5659c95557dc7fd2e56b286b5>
		</items>
		<inputs>
			<hash_090013112bd4e7349edf90a19ba719de6177bb>
				<name>Data Source [finwait2]</name>
				<description></description>
				<column_name>task_item_id</column_name>
				<items>hash_0000133f7100b5659c95557dc7fd2e56b286b5|hash_000013cdd5d6d2a43ebdf3415376911f0b440d|hash_0000130dd14c1bbe336885d9cf5de7e3efc9b0|hash_000013122c84eb86df921024bb9d9adfed9b56</items>
			</hash_090013112bd4e7349edf90a19ba719de6177bb>
			<hash_090013ed931215861fd3e3d6e87b00969e2c30>
				<name>Data Source [finwait1]</name>
				<description></description>
				<column_name>task_item_id</column_name>
				<items>hash_0000136405c5d13db3419366391717d1a26452|hash_000013efd13bde12bda060d6defa133616d881|hash_0000131375a9cea0a40a052ba4238ffd79b89e|hash_0000132cefb9dfe77a6635c2d9b380be9e3b79</items>
			</hash_090013ed931215861fd3e3d6e87b00969e2c30>
			<hash_0900133150c8adaa952e4e7804b15b5d764463>
				<name>Data Source [closewait]</name>
				<description></description>
				<column_name>task_item_id</column_name>
				<items>hash_000013212805eea68597576ed16f6f014f71fe|hash_000013364b08fc3e7381e9f1c2890adcc054da|hash_000013cddc8024db42761e48d189307067bbc0|hash_0000134953abf1e6c63d3cc6d8de935b63e942</items>
			</hash_0900133150c8adaa952e4e7804b15b5d764463>
			<hash_090013d56cc0390bcfb9b7c88018eaa763b972>
				<name>Data Source [timeclose]</name>
				<description></description>
				<column_name>task_item_id</column_name>
				<items>hash_00001333c83a793a6f23adc61d55685285fd79|hash_000013d6c93011785d71b5861ab1190b26052b|hash_000013428989f9cc5daecfc55eea29fc77c770|hash_00001385bfa00da64e79016109f6ad3d473629</items>
			</hash_090013d56cc0390bcfb9b7c88018eaa763b972>
			<hash_0900133a0089e96d1c4aad958930aaea3ba68e>
				<name>Data Source [timewait]</name>
				<description></description>
				<column_name>task_item_id</column_name>
				<items>hash_00001323cf666a898ec6d4d6c4464d302fdb14|hash_00001380ede4c58c74fdbf1850e23bdc6365ae|hash_0000130bbd6f178f37a201be81811b57f45cf4|hash_0000139d5a0c033716e715bc17a85974e0492b</items>
			</hash_0900133a0089e96d1c4aad958930aaea3ba68e>
			<hash_090013377a1155c8c4e87ee9706ac85d66c362>
				<name>Data Source [synsent]</name>
				<description></description>
				<column_name>task_item_id</column_name>
				<items>hash_0000132f333c48f0ca8db0123095cde29887ee|hash_000013f190b4d718f0d138dfdc501b49542bbc|hash_000013f2d00b4a610525ca10ce3bb5f396efb7|hash_000013c1e80a7ddc8cea90ef38c108464aa63a</items>
			</hash_090013377a1155c8c4e87ee9706ac85d66c362>
			<hash_09001377390d96a72d1da93cab216926442a1d>
				<name>Data Source [synrecv]</name>
				<description></description>
				<column_name>task_item_id</column_name>
				<items>hash_00001361aadd305d72013ea82a17786c194139|hash_0000137df6cc20da4007b1062e8015007e4310|hash_00001322d6085629a31dba42af23d54fc41ef7|hash_0000130db1c685e208f029821b4c8592eaa907</items>
			</hash_09001377390d96a72d1da93cab216926442a1d>
			<hash_090013c609fd2c825c94624ac4d3ce08a71b65>
				<name>Data Source [listen]</name>
				<description></description>
				<column_name>task_item_id</column_name>
				<items>hash_0000130915680933d12bcea2e81b0df2379d22|hash_00001363a98e55678ca3ba2df9a350ffc00bcc|hash_000013eac58ccf3850e71fe35d6dec13678620|hash_000013c3ea5a37f621c91b60390405da7c4b51</items>
			</hash_090013c609fd2c825c94624ac4d3ce08a71b65>
			<hash_090013fc7358b835796cdee8e00dfa4ebf00e2>
				<name>Data Source [established]</name>
				<description></description>
				<column_name>task_item_id</column_name>
				<items>hash_000013396467580b160f6f5fc820ebb491f87b|hash_0000131130ae731288e61b8ea05cbacbcd0059|hash_000013c7dd17a89fd7b69430e180c2ad52def5|hash_00001388f613457855368d174989734e9c0285</items>
			</hash_090013fc7358b835796cdee8e00dfa4ebf00e2>
		</inputs>
	</hash_0000138e0ec9ee04dc4ea9723f0aeb7d5f9436>
	<hash_0100132de6de561874ce0b4085b545a45501ba>
		<name>SNMP - Get TCP Connection Status</name>
		<ds>
			<t_name></t_name>
			<name>|host_description| - TCP Connections</name>
			<data_input_id>hash_03001320faeb0c71596de33dd656a4c4873eff</data_input_id>
			<t_rra_id></t_rra_id>
			<t_rrd_step></t_rrd_step>
			<rrd_step>300</rrd_step>
			<t_active></t_active>
			<active>on</active>
			<rra_items>hash_150013c21df5178e5c955013591239eb0afd46|hash_1500130d9c0af8b8acdc7807943937b3208e29|hash_1500136fc2d038fb42950138b0ce3e9874cc60|hash_150013e36f3adb9f152adfa5dc50fd2b23337e</rra_items>
		</ds>
		<items>
			<hash_080013d2e2b1c536e9d9d23f5e7e033cb36606>
				<t_data_source_name></t_data_source_name>
				<data_source_name>closewait</data_source_name>
				<t_rrd_minimum></t_rrd_minimum>
				<rrd_minimum>0</rrd_minimum>
				<t_rrd_maximum></t_rrd_maximum>
				<rrd_maximum>0</rrd_maximum>
				<t_data_source_type_id></t_data_source_type_id>
				<data_source_type_id>1</data_source_type_id>
				<t_rrd_heartbeat></t_rrd_heartbeat>
				<rrd_heartbeat>600</rrd_heartbeat>
				<t_data_input_field_id></t_data_input_field_id>
				<data_input_field_id>hash_07001340aa71a4326cb18855d6d40cf5951a34</data_input_field_id>
			</hash_080013d2e2b1c536e9d9d23f5e7e033cb36606>
			<hash_080013347df86cfa6ac0e0d9bf5b4ef846ff45>
				<t_data_source_name></t_data_source_name>
				<data_source_name>finwait1</data_source_name>
				<t_rrd_minimum></t_rrd_minimum>
				<rrd_minimum>0</rrd_minimum>
				<t_rrd_maximum></t_rrd_maximum>
				<rrd_maximum>0</rrd_maximum>
				<t_data_source_type_id></t_data_source_type_id>
				<data_source_type_id>1</data_source_type_id>
				<t_rrd_heartbeat></t_rrd_heartbeat>
				<rrd_heartbeat>600</rrd_heartbeat>
				<t_data_input_field_id></t_data_input_field_id>
				<data_input_field_id>hash_070013bb09eb8ebb12e02255d87e3f103b721a</data_input_field_id>
			</hash_080013347df86cfa6ac0e0d9bf5b4ef846ff45>
			<hash_080013f16da750ee882694e5315cc8b60bbfe1>
				<t_data_source_name></t_data_source_name>
				<data_source_name>finwait2</data_source_name>
				<t_rrd_minimum></t_rrd_minimum>
				<rrd_minimum>0</rrd_minimum>
				<t_rrd_maximum></t_rrd_maximum>
				<rrd_maximum>0</rrd_maximum>
				<t_data_source_type_id></t_data_source_type_id>
				<data_source_type_id>1</data_source_type_id>
				<t_rrd_heartbeat></t_rrd_heartbeat>
				<rrd_heartbeat>600</rrd_heartbeat>
				<t_data_input_field_id></t_data_input_field_id>
				<data_input_field_id>hash_070013f27cc90b065431f400743794f0d6fa38</data_input_field_id>
			</hash_080013f16da750ee882694e5315cc8b60bbfe1>
			<hash_080013d077fbc3c39fc62d3cae1809db01f6ca>
				<t_data_source_name></t_data_source_name>
				<data_source_name>listen</data_source_name>
				<t_rrd_minimum></t_rrd_minimum>
				<rrd_minimum>0</rrd_minimum>
				<t_rrd_maximum></t_rrd_maximum>
				<rrd_maximum>0</rrd_maximum>
				<t_data_source_type_id></t_data_source_type_id>
				<data_source_type_id>1</data_source_type_id>
				<t_rrd_heartbeat></t_rrd_heartbeat>
				<rrd_heartbeat>600</rrd_heartbeat>
				<t_data_input_field_id></t_data_input_field_id>
				<data_input_field_id>hash_0700137d812aef0d59d0d3d7b490cd0bb29aee</data_input_field_id>
			</hash_080013d077fbc3c39fc62d3cae1809db01f6ca>
			<hash_0800132366a3c2d415975a27be14892ad71d1f>
				<t_data_source_name></t_data_source_name>
				<data_source_name>synrecv</data_source_name>
				<t_rrd_minimum></t_rrd_minimum>
				<rrd_minimum>0</rrd_minimum>
				<t_rrd_maximum></t_rrd_maximum>
				<rrd_maximum>0</rrd_maximum>
				<t_data_source_type_id></t_data_source_type_id>
				<data_source_type_id>1</data_source_type_id>
				<t_rrd_heartbeat></t_rrd_heartbeat>
				<rrd_heartbeat>600</rrd_heartbeat>
				<t_data_input_field_id></t_data_input_field_id>
				<data_input_field_id>hash_070013d804a7ba56f9ee9a8148e2515a1999a6</data_input_field_id>
			</hash_0800132366a3c2d415975a27be14892ad71d1f>
			<hash_080013ec15d4e59c3b3dc1782f89b26ca5c9a9>
				<t_data_source_name></t_data_source_name>
				<data_source_name>synsent</data_source_name>
				<t_rrd_minimum></t_rrd_minimum>
				<rrd_minimum>0</rrd_minimum>
				<t_rrd_maximum></t_rrd_maximum>
				<rrd_maximum>0</rrd_maximum>
				<t_data_source_type_id></t_data_source_type_id>
				<data_source_type_id>1</data_source_type_id>
				<t_rrd_heartbeat></t_rrd_heartbeat>
				<rrd_heartbeat>600</rrd_heartbeat>
				<t_data_input_field_id></t_data_input_field_id>
				<data_input_field_id>hash_0700131ea767139acc011cc38e5fd5092303ca</data_input_field_id>
			</hash_080013ec15d4e59c3b3dc1782f89b26ca5c9a9>
			<hash_080013b920088fdf5e4b361264bd38897d3897>
				<t_data_source_name></t_data_source_name>
				<data_source_name>timeclose</data_source_name>
				<t_rrd_minimum></t_rrd_minimum>
				<rrd_minimum>0</rrd_minimum>
				<t_rrd_maximum></t_rrd_maximum>
				<rrd_maximum>0</rrd_maximum>
				<t_data_source_type_id></t_data_source_type_id>
				<data_source_type_id>1</data_source_type_id>
				<t_rrd_heartbeat></t_rrd_heartbeat>
				<rrd_heartbeat>600</rrd_heartbeat>
				<t_data_input_field_id></t_data_input_field_id>
				<data_input_field_id>hash_070013f67bbc9040e14df2ca66747623606995</data_input_field_id>
			</hash_080013b920088fdf5e4b361264bd38897d3897>
			<hash_0800134069e21689a30a701602c0e3d399eab0>
				<t_data_source_name></t_data_source_name>
				<data_source_name>timewait</data_source_name>
				<t_rrd_minimum></t_rrd_minimum>
				<rrd_minimum>0</rrd_minimum>
				<t_rrd_maximum></t_rrd_maximum>
				<rrd_maximum>0</rrd_maximum>
				<t_data_source_type_id></t_data_source_type_id>
				<data_source_type_id>1</data_source_type_id>
				<t_rrd_heartbeat></t_rrd_heartbeat>
				<rrd_heartbeat>600</rrd_heartbeat>
				<t_data_input_field_id></t_data_input_field_id>
				<data_input_field_id>hash_070013d203f623afed03ff2a270262f7131194</data_input_field_id>
			</hash_0800134069e21689a30a701602c0e3d399eab0>
			<hash_080013fdb8da44dc43f3114e1b0812907c4631>
				<t_data_source_name></t_data_source_name>
				<data_source_name>established</data_source_name>
				<t_rrd_minimum></t_rrd_minimum>
				<rrd_minimum>0</rrd_minimum>
				<t_rrd_maximum></t_rrd_maximum>
				<rrd_maximum>0</rrd_maximum>
				<t_data_source_type_id></t_data_source_type_id>
				<data_source_type_id>1</data_source_type_id>
				<t_rrd_heartbeat></t_rrd_heartbeat>
				<rrd_heartbeat>600</rrd_heartbeat>
				<t_data_input_field_id></t_data_input_field_id>
				<data_input_field_id>hash_070013e90df67e942a29a982954646a6e32c5e</data_input_field_id>
			</hash_080013fdb8da44dc43f3114e1b0812907c4631>
		</items>
		<data>
			<item_000>
				<data_input_field_id>hash_070013c7009464f85cde64b507b802f0807894</data_input_field_id>
				<t_value></t_value>
				<value></value>
			</item_000>
			<item_001>
				<data_input_field_id>hash_0700138a9a7d85d5f3b977ae20f4825ef09f5e</data_input_field_id>
				<t_value></t_value>
				<value></value>
			</item_001>
			<item_002>
				<data_input_field_id>hash_070013f5447e3c058e7becfa0ad37bc4f28bfa</data_input_field_id>
				<t_value></t_value>
				<value></value>
			</item_002>
			<item_003>
				<data_input_field_id>hash_07001360cdb2eaa1c9172acdf8aac9ac409cc3</data_input_field_id>
				<t_value></t_value>
				<value></value>
			</item_003>
			<item_004>
				<data_input_field_id>hash_0700130cf7cac965d45f0e08de6b93dfcedb70</data_input_field_id>
				<t_value></t_value>
				<value></value>
			</item_004>
		</data>
	</hash_0100132de6de561874ce0b4085b545a45501ba>
	<hash_03001320faeb0c71596de33dd656a4c4873eff>
		<name>SNMP - Get TCP Connection Status</name>
		<type_id>1</type_id>
		<input_string>perl &lt;path_cacti&gt;/scripts/get_netstat_tcp_oldboytrainning.pl &lt;host&gt; &lt;snmp_version&gt; '&lt;snmp_community&gt;' &lt;snmp_port&gt; &lt;snmp_timeout&gt;</input_string>
		<fields>
			<hash_0700130cf7cac965d45f0e08de6b93dfcedb70>
				<name>Host to be queried</name>
				<update_rra></update_rra>
				<regexp_match></regexp_match>
				<allow_nulls></allow_nulls>
				<type_code>hostname</type_code>
				<input_output>in</input_output>
				<data_name>host</data_name>
			</hash_0700130cf7cac965d45f0e08de6b93dfcedb70>
			<hash_07001360cdb2eaa1c9172acdf8aac9ac409cc3>
				<name>SNMP Version</name>
				<update_rra></update_rra>
				<regexp_match></regexp_match>
				<allow_nulls></allow_nulls>
				<type_code>snmp_version</type_code>
				<input_output>in</input_output>
				<data_name>snmp_version</data_name>
			</hash_07001360cdb2eaa1c9172acdf8aac9ac409cc3>
			<hash_070013f5447e3c058e7becfa0ad37bc4f28bfa>
				<name>SNMP community</name>
				<update_rra></update_rra>
				<regexp_match></regexp_match>
				<allow_nulls></allow_nulls>
				<type_code>snmp_community</type_code>
				<input_output>in</input_output>
				<data_name>snmp_community</data_name>
			</hash_070013f5447e3c058e7becfa0ad37bc4f28bfa>
			<hash_0700138a9a7d85d5f3b977ae20f4825ef09f5e>
				<name>SNMP Port</name>
				<update_rra></update_rra>
				<regexp_match></regexp_match>
				<allow_nulls></allow_nulls>
				<type_code>snmp_port</type_code>
				<input_output>in</input_output>
				<data_name>snmp_port</data_name>
			</hash_0700138a9a7d85d5f3b977ae20f4825ef09f5e>
			<hash_070013c7009464f85cde64b507b802f0807894>
				<name>SNMP Timeout</name>
				<update_rra></update_rra>
				<regexp_match></regexp_match>
				<allow_nulls></allow_nulls>
				<type_code>snmp_timeout</type_code>
				<input_output>in</input_output>
				<data_name>snmp_timeout</data_name>
			</hash_070013c7009464f85cde64b507b802f0807894>
			<hash_070013e90df67e942a29a982954646a6e32c5e>
				<name>ESTABLISHED Connections</name>
				<update_rra>on</update_rra>
				<regexp_match></regexp_match>
				<allow_nulls></allow_nulls>
				<type_code></type_code>
				<input_output>out</input_output>
				<data_name>established</data_name>
			</hash_070013e90df67e942a29a982954646a6e32c5e>
			<hash_0700137d812aef0d59d0d3d7b490cd0bb29aee>
				<name>LISTENING Connections</name>
				<update_rra>on</update_rra>
				<regexp_match></regexp_match>
				<allow_nulls></allow_nulls>
				<type_code></type_code>
				<input_output>out</input_output>
				<data_name>listen</data_name>
			</hash_0700137d812aef0d59d0d3d7b490cd0bb29aee>
			<hash_070013d203f623afed03ff2a270262f7131194>
				<name>TIME_WAIT Connections</name>
				<update_rra>on</update_rra>
				<regexp_match></regexp_match>
				<allow_nulls></allow_nulls>
				<type_code></type_code>
				<input_output>out</input_output>
				<data_name>timewait</data_name>
			</hash_070013d203f623afed03ff2a270262f7131194>
			<hash_070013f67bbc9040e14df2ca66747623606995>
				<name>TIME_CLOSE Connections</name>
				<update_rra>on</update_rra>
				<regexp_match></regexp_match>
				<allow_nulls></allow_nulls>
				<type_code></type_code>
				<input_output>out</input_output>
				<data_name>timeclose</data_name>
			</hash_070013f67bbc9040e14df2ca66747623606995>
			<hash_070013bb09eb8ebb12e02255d87e3f103b721a>
				<name>FIN_WAIT1 Connections</name>
				<update_rra>on</update_rra>
				<regexp_match></regexp_match>
				<allow_nulls></allow_nulls>
				<type_code></type_code>
				<input_output>out</input_output>
				<data_name>finwait1</data_name>
			</hash_070013bb09eb8ebb12e02255d87e3f103b721a>
			<hash_070013f27cc90b065431f400743794f0d6fa38>
				<name>FIN_WAIT2 Connections</name>
				<update_rra>on</update_rra>
				<regexp_match></regexp_match>
				<allow_nulls></allow_nulls>
				<type_code></type_code>
				<input_output>out</input_output>
				<data_name>finwait2</data_name>
			</hash_070013f27cc90b065431f400743794f0d6fa38>
			<hash_0700131ea767139acc011cc38e5fd5092303ca>
				<name>SYNSENT Connections</name>
				<update_rra>on</update_rra>
				<regexp_match></regexp_match>
				<allow_nulls></allow_nulls>
				<type_code></type_code>
				<input_output>out</input_output>
				<data_name>synsent</data_name>
			</hash_0700131ea767139acc011cc38e5fd5092303ca>
			<hash_070013d804a7ba56f9ee9a8148e2515a1999a6>
				<name>SYNRECV Connections</name>
				<update_rra>on</update_rra>
				<regexp_match></regexp_match>
				<allow_nulls></allow_nulls>
				<type_code></type_code>
				<input_output>out</input_output>
				<data_name>synrecv</data_name>
			</hash_070013d804a7ba56f9ee9a8148e2515a1999a6>
			<hash_07001340aa71a4326cb18855d6d40cf5951a34>
				<name>CLOSEWAIT Connections</name>
				<update_rra>on</update_rra>
				<regexp_match></regexp_match>
				<allow_nulls></allow_nulls>
				<type_code></type_code>
				<input_output>out</input_output>
				<data_name>closewait</data_name>
			</hash_07001340aa71a4326cb18855d6d40cf5951a34>
		</fields>
	</hash_03001320faeb0c71596de33dd656a4c4873eff>
	<hash_150013c21df5178e5c955013591239eb0afd46>
		<name>Daily (5 Minute Average)</name>
		<x_files_factor>0.5</x_files_factor>
		<steps>1</steps>
		<rows>700</rows>
		<timespan>86400</timespan>
		<cf_items>1|2|3|4</cf_items>
	</hash_150013c21df5178e5c955013591239eb0afd46>
	<hash_1500130d9c0af8b8acdc7807943937b3208e29>
		<name>Weekly (30 Minute Average)</name>
		<x_files_factor>0.5</x_files_factor>
		<steps>6</steps>
		<rows>700</rows>
		<timespan>604800</timespan>
		<cf_items>1|2|3|4</cf_items>
	</hash_1500130d9c0af8b8acdc7807943937b3208e29>
	<hash_1500136fc2d038fb42950138b0ce3e9874cc60>
		<name>Monthly (2 Hour Average)</name>
		<x_files_factor>0.5</x_files_factor>
		<steps>24</steps>
		<rows>775</rows>
		<timespan>2678400</timespan>
		<cf_items>1|2|3|4</cf_items>
	</hash_1500136fc2d038fb42950138b0ce3e9874cc60>
	<hash_150013e36f3adb9f152adfa5dc50fd2b23337e>
		<name>Yearly (1 Day Average)</name>
		<x_files_factor>0.5</x_files_factor>
		<steps>288</steps>
		<rows>797</rows>
		<timespan>33053184</timespan>
		<cf_items>1|2|3|4</cf_items>
	</hash_150013e36f3adb9f152adfa5dc50fd2b23337e>
	<hash_060013e9c43831e54eca8069317a2ce8c6f751>
		<name>Normal</name>
		<gprint_text>%8.2lf %s</gprint_text>
	</hash_060013e9c43831e54eca8069317a2ce8c6f751>
</cacti>